<?xml version="1.0" encoding="UTF-8"?>

<beans xmlns="http://www.springframework.org/schema/beans"
 xmlns:xsi="http://www.w3.org/2001/XMLSchema-instance"
 xmlns:context="http://www.springframework.org/schema/context"
 xmlns:p="http://www.springframework.org/schema/p"
 xsi:schemaLocation="http://www.springframework.org/schema/beans
 http://www.springframework.org/schema/beans/spring-beans.xsd
 http://www.springframework.org/schema/context
 http://www.springframework.org/schema/context/spring-context.xsd">
 
 <!--  <bean class="com.basic.AutowiringXml.Address" name="address">     comment:bean ka name or refrence variable ka nam same hona chahiye
    <property name="street" value="28 Tirumala pride"/>
    <property name="city" value="Indore"/>
  </bean> -->
  
  <!-- <bean class="com.basic.AutowiringXml.Employee" name="emp" autowire="byName" /> -->
  
    
    
  
  
   <bean class="com.basic.AutowiringXml.Address" name="address1">
    <property name="street" value="28 Tirumala pride"/>
    <property name="city" value="Indore"/>
  </bean> 
 
 
  <bean class="com.basic.AutowiringXml.Employee" name="emp" autowire="byType" /><!--address class ke bean ka class="" se byType hoga  -->


</beans>
