<?xml version="1.0" encoding="UTF-8"?>

<beans xmlns="http://www.springframework.org/schema/beans"
 xmlns:xsi="http://www.w3.org/2001/XMLSchema-instance"
 xmlns:context="http://www.springframework.org/schema/context"
 xmlns:p="http://www.springframework.org/schema/p"
 xsi:schemaLocation="http://www.springframework.org/schema/beans
 http://www.springframework.org/schema/beans/spring-beans.xsd
 http://www.springframework.org/schema/context
 http://www.springframework.org/schema/context/spring-context.xsd">
 
 <context:annotation-config/>
 <!-- this is For @Autowired  -->
 <!-- <bean class="com.basic.AutowiringAnnotation.Address" name="address">     
    <property name="street" value="28 Tirumala pride"/>
    <property name="city" value="Indore"/>
  </bean>
  
  
 
 
  <bean class="com.basic.AutowiringAnnotation.Employee" name="emp" />
 -->
 
 
 <!--This Is for @Autowired & @Qualifier  -->
 <bean class="com.basic.AutowiringAnnotation.Address" name="address4">     
    <property name="street" value="28 Tirumala pride"/>
    <property name="city" value="Indore"/>
  </bean>
  
  <bean class="com.basic.AutowiringAnnotation.Address" name="address1">     
    <property name="street" value="500 Tirumala pride"/>
    <property name="city" value="Delhi"/>
  </bean>
  
 
 
  <bean class="com.basic.AutowiringAnnotation.Employee" name="emp" />
 
 
</beans>
